{
    "rmse": 0.704126236683322,
    "mae": 0.5552420177676874,
    "r2": 0.23863864297558524
}